Espécie,Nome Comum,Sons,Fotos
emaRhea americana,ema,0,21
jaóCrypturellus undulatus,jaó,2,6
inhambu-chororóCrypturellus parvirostris,inhambu-chororó,5,11
perdizRhynchotus rufescens,perdiz,2,2
codorna-amarelaNothura maculosa,codorna-amarela,2,17
anhumaAnhima cornuta,anhuma,0,4
irerêDendrocygna viduata,irerê,0,22
marreca-caboclaDendrocygna autumnalis,marreca-cabocla,1,28
pato-do-matoCairina moschata,pato-do-mato,1,30
pato-de-cristaSarkidiornis sylvicola,pato-de-crista,0,1
marreca-ananaíAmazonetta brasiliensis,marreca-ananaí,1,28
marreca-caucauNomonyx dominicus,marreca-caucau,0,17
jacupembaPenelope superciliaris,jacupemba,1,11
mutum-de-penachoCrax fasciolata,mutum-de-penacho,3,53
mergulhão-pequenoTachybaptus dominicus,mergulhão-pequeno,1,25
pombo-domésticoColumba livia,pombo-doméstico,2,29
pomba-asa-brancaPatagioenas picazuro,pomba-asa-branca,3,81
pomba-galegaPatagioenas cayennensis,pomba-galega,1,22
juriti-pupuLeptotila verreauxi,juriti-pupu,5,12
juriti-de-testa-brancaLeptotila rufaxilla,juriti-de-testa-branca,0,3
avoanteZenaida auriculata,avoante,2,131
pararu-azulClaravis pretiosa,pararu-azul,0,2
rolinha-de-asa-canelaColumbina minuta,rolinha-de-asa-canela,0,1
rolinha-roxaColumbina talpacoti,rolinha-roxa,3,39
rolinha-fogo-apagouColumbina squammata,rolinha-fogo-apagou,4,38
anu-brancoGuira guira,anu-branco,2,62
anu-pretoCrotophaga ani,anu-preto,1,64
saciTapera naevia,saci,5,8
alma-de-gatoPiaya cayana,alma-de-gato,5,56
papa-lagarta-acaneladoCoccyzus melacoryphus,papa-lagarta-acanelado,1,5
papa-lagarta-de-asa-vermelhaCoccyzus americanus,papa-lagarta-de-asa-vermelha,0,3
urutauNyctibius griseus,urutau,0,21
bacurauNyctidromus albicollis,bacurau,4,13
bacurau-chintãHydropsalis parvula,bacurau-chintã,2,8
curiango-do-banhadoHydropsalis anomala,curiango-do-banhado,0,2
bacurau-de-rabo-maculadoHydropsalis maculicaudus,bacurau-de-rabo-maculado,0,1
bacurau-tesouraHydropsalis torquata,bacurau-tesoura,0,5
bacurauzinhoNannochordeiles pusillus,bacurauzinho,0,3
corucãoPodager nacunda,corucão,0,4
bacurau-norte-americanoChordeiles minor,bacurau-norte-americano,0,1
taperuçu-pretoCypseloides fumigatus,taperuçu-preto,0,1
taperuçu-velhoCypseloides senex,taperuçu-velho,0,14
taperuçu-de-coleira-brancaStreptoprocne zonaris,taperuçu-de-coleira-branca,0,7
andorinhão-do-temporalChaetura meridionalis,andorinhão-do-temporal,0,1
andorinhão-do-buritiTachornis squamata,andorinhão-do-buriti,1,32
beija-flor-pretoFlorisuga fusca,beija-flor-preto,0,11
rabo-branco-acaneladoPhaethornis pretrei,rabo-branco-acanelado,0,20
beija-flor-de-orelha-violetaColibri serrirostris,beija-flor-de-orelha-violeta,0,12
chifre-de-ouroHeliactin bilophus,chifre-de-ouro,0,1
beija-flor-de-veste-pretaAnthracothorax nigricollis,beija-flor-de-veste-preta,0,28
bico-reto-de-banda-brancaHeliomaster squamosus,bico-reto-de-banda-branca,1,37
bico-reto-azulHeliomaster furcifer,bico-reto-azul,0,17
estrelinha-ametistaCalliphlox amethystina,estrelinha-ametista,0,10
besourinho-de-bico-vermelhoChlorostilbon lucidus,besourinho-de-bico-vermelho,1,50
beija-flor-tesoura-verdeThalurania furcata,beija-flor-tesoura-verde,0,51
beija-flor-tesouraEupetomena macroura,beija-flor-tesoura,2,90
beija-flor-cinzaAphantochroa cirrochloris,beija-flor-cinza,0,22
beija-flor-de-banda-brancaChrysuronia versicolor,beija-flor-de-banda-branca,0,2
beija-flor-de-garganta-verdeChionomesa fimbriata,beija-flor-de-garganta-verde,1,39
beija-flor-de-peito-azulChionomesa lactea,beija-flor-de-peito-azul,0,2
beija-flor-douradoHylocharis chrysura,beija-flor-dourado,0,5
carãoAramus guarauna,carão,3,11
frango-d'água-azulPorphyrio martinica,frango-d'água-azul,1,18
sanã-castanhaRufirallus viridis,sanã-castanha,3,15
sanã-pardaLaterallus melanophaius,sanã-parda,4,14
sanã-do-capimLaterallus exilis,sanã-do-capim,1,0
maxalalagáMicropygia schomburgkii,maxalalagá,1,0
sanã-carijóMustelirallus albicollis,sanã-carijó,2,6
saracura-sanãPardirallus nigricans,saracura-sanã,1,10
saracura-lisaAmaurolimnas concolor,saracura-lisa,3,1
saracura-três-potesAramides cajaneus,saracura-três-potes,6,37
galinha-d'águaGallinula galeata,galinha-d'água,0,7
picaparraHeliornis fulica,picaparra,1,0
quero-queroVanellus chilensis,quero-quero,3,73
narcejãoGallinago undulata,narcejão,1,0
narcejaGallinago paraguaiae,narceja,1,0
maçarico-pintadoActitis macularius,maçarico-pintado,0,1
maçarico-solitárioTringa solitaria,maçarico-solitário,0,9
jaçanãJacana jacana,jaçanã,1,15
tuiuiúJabiru mycteria,tuiuiú,0,5
cabeça-secaMycteria americana,cabeça-seca,0,28
biguatingaAnhinga anhinga,biguatinga,0,26
biguáNannopterum brasilianum,biguá,1,44
socó-boiTigrisoma lineatum,socó-boi,0,19
socó-dorminhocoNycticorax nycticorax,socó-dorminhoco,0,26
socozinhoButorides striata,socozinho,1,23
garça-vaqueiraBubulcus ibis,garça-vaqueira,0,13
garça-mouraArdea cocoi,garça-moura,0,4
garça-branca-grandeArdea alba,garça-branca-grande,2,35
maria-faceiraSyrigma sibilatrix,maria-faceira,1,54
garça-realPilherodius pileatus,garça-real,0,21
garça-branca-pequenaEgretta thula,garça-branca-pequena,0,25
coró-coróMesembrinibis cayennensis,coró-coró,4,43
tapicuruPhimosus infuscatus,tapicuru,1,15
curicacaTheristicus caudatus,curicaca,7,112
colhereiroPlatalea ajaja,colhereiro,0,7
urubu-reiSarcoramphus papa,urubu-rei,0,6
urubu-pretoCoragyps atratus,urubu-preto,0,63
urubu-de-cabeça-vermelhaCathartes aura,urubu-de-cabeça-vermelha,0,23
urubu-de-cabeça-amarelaCathartes burrovianus,urubu-de-cabeça-amarela,0,3
águia-pescadoraPandion haliaetus,águia-pescadora,0,2
gaviãozinhoGampsonyx swainsonii,gaviãozinho,1,33
gavião-peneiraElanus leucurus,gavião-peneira,1,26
gavião-caracoleiroChondrohierax uncinatus,gavião-caracoleiro,1,2
gavião-gatoLeptodon cayanensis,gavião-gato,0,11
gavião-tesouraElanoides forficatus,gavião-tesoura,0,2
gavião-pega-macacoSpizaetus tyrannus,gavião-pega-macaco,0,1
gavião-beloBusarellus nigricollis,gavião-belo,0,2
gavião-caramujeiroRostrhamus sociabilis,gavião-caramujeiro,0,6
gavião-bombachinhaHarpagus diodon,gavião-bombachinha,0,2
soviIctinia plumbea,sovi,0,39
gavião-do-banhadoCircus buffoni,gavião-do-banhado,0,3
tauató-miúdoAccipiter striatus,tauató-miúdo,0,1
gavião-bombachinha-grandeAccipiter bicolor,gavião-bombachinha-grande,2,14
gavião-pernilongoGeranospiza caerulescens,gavião-pernilongo,1,14
gavião-cabocloHeterospizias meridionalis,gavião-caboclo,3,51
gavião-pretoUrubitinga urubitinga,gavião-preto,0,12
águia-cinzentaUrubitinga coronata,águia-cinzenta,2,29
gavião-carijóRupornis magnirostris,gavião-carijó,4,91
gavião-asa-de-telhaParabuteo unicinctus,gavião-asa-de-telha,0,3
gavião-de-rabo-brancoGeranoaetus albicaudatus,gavião-de-rabo-branco,1,45
gavião-pedrêsButeo nitidus,gavião-pedrês,1,19
gavião-de-cauda-curtaButeo brachyurus,gavião-de-cauda-curta,0,43
suindaraTyto furcata,suindara,0,8
corujinha-do-matoMegascops choliba,corujinha-do-mato,3,10
jacurutuBubo virginianus,jacurutu,1,6
coruja-do-matoStrix virgata,coruja-do-mato,2,2
caburéGlaucidium brasilianum,caburé,2,31
coruja-buraqueiraAthene cunicularia,coruja-buraqueira,5,149
coruja-orelhudaAsio clamator,coruja-orelhuda,0,1
mocho-diaboAsio stygius,mocho-diabo,0,3
mocho-dos-banhadosAsio flammeus,mocho-dos-banhados,0,4
surucuá-variadoTrogon surrucura,surucuá-variado,0,1
juruvaBaryphthengus ruficapillus,juruva,0,8
udu-de-coroa-azulMomotus momota,udu-de-coroa-azul,0,12
martim-pescador-grandeMegaceryle torquata,martim-pescador-grande,1,21
martim-pescador-verdeChloroceryle amazona,martim-pescador-verde,2,27
martim-pescador-pequenoChloroceryle americana,martim-pescador-pequeno,1,24
ariramba-de-cauda-ruivaGalbula ruficauda,ariramba-de-cauda-ruiva,2,108
urubuzinhoChelidoptera tenebrosa,urubuzinho,0,2
chora-chuva-pretoMonasa nigrifrons,chora-chuva-preto,5,29
macuruNonnula rubecula,macuru,0,8
rapazinho-dos-velhosNystalus maculatus,rapazinho-dos-velhos,1,16
joão-boboNystalus chacuru,joão-bobo,2,24
tucanuçuRamphastos toco,tucanuçu,3,96
araçari-castanhoPteroglossus castanotis,araçari-castanho,3,27
picapauzinho-escamosoPicumnus albosquamatus,picapauzinho-escamoso,1,77
pica-pau-brancoMelanerpes candidus,pica-pau-branco,1,41
benedito-de-testa-amarelaMelanerpes flavifrons,benedito-de-testa-amarela,0,2
pica-pau-pequenoVeniliornis passerinus,pica-pau-pequeno,1,46
pica-pau-chorãoVeniliornis mixtus,pica-pau-chorão,0,3
pica-pau-de-topete-vermelhoCampephilus melanoleucos,pica-pau-de-topete-vermelho,2,46
pica-pau-de-banda-brancaDryocopus lineatus,pica-pau-de-banda-branca,2,24
pica-pau-de-cabeça-amarelaCeleus flavescens,pica-pau-de-cabeça-amarela,0,1
pica-pau-verde-barradoColaptes melanochloros,pica-pau-verde-barrado,2,79
pica-pau-do-campoColaptes campestris,pica-pau-do-campo,3,45
seriemaCariama cristata,seriema,4,49
acauãHerpetotheres cachinnans,acauã,7,23
falcão-relógioMicrastur semitorquatus,falcão-relógio,3,1
carcaráCaracara plancus,carcará,4,127
carrapateiroMilvago chimachima,carrapateiro,3,25
quiriquiriFalco sparverius,quiriquiri,0,64
cauréFalco rufigularis,cauré,0,6
falcão-de-coleiraFalco femoralis,falcão-de-coleira,3,55
falcão-peregrinoFalco peregrinus,falcão-peregrino,0,12
periquito-de-encontro-amareloBrotogeris chiriri,periquito-de-encontro-amarelo,7,113
papagaio-galegoAlipiopsitta xanthops,papagaio-galego,3,20
papagaio-verdadeiroAmazona aestiva,papagaio-verdadeiro,2,32
curicaAmazona amazonica,curica,1,5
tuimForpus xanthopterygius,tuim,3,26
periquito-reiEupsittula aurea,periquito-rei,2,81
jandaia-de-testa-vermelhaAratinga auricapillus,jandaia-de-testa-vermelha,1,17
maracanã-do-buritiOrthopsittaca manilatus,maracanã-do-buriti,1,43
arara-canindéAra ararauna,arara-canindé,2,27
maracanã-pequenaDiopsittaca nobilis,maracanã-pequena,6,68
periquitãoPsittacara leucophthalmus,periquitão,6,70
papa-formiga-vermelhoFormicivora rufa,papa-formiga-vermelho,2,24
chorozinho-de-bico-compridoHerpsilochmus longirostris,chorozinho-de-bico-comprido,5,95
chorozinho-de-chapéu-pretoHerpsilochmus atricapillus,chorozinho-de-chapéu-preto,0,3
choca-barradaThamnophilus doliatus,choca-barrada,5,85
choca-de-asa-vermelhaThamnophilus torquatus,choca-de-asa-vermelha,3,16
choca-do-planaltoThamnophilus pelzelni,choca-do-planalto,2,16
choca-da-mataThamnophilus caerulescens,choca-da-mata,4,4
choró-boiTaraba major,choró-boi,7,28
meia-lua-do-cerradoMelanopareia torquata,meia-lua-do-cerrado,3,13
chupa-denteConopophaga lineata,chupa-dente,1,0
arapaçu-grandeDendrocolaptes platyrostris,arapaçu-grande,2,4
arapaçu-de-cerradoLepidocolaptes angustirostris,arapaçu-de-cerrado,4,72
bico-virado-carijóXenops rutilans,bico-virado-carijó,0,5
limpa-folha-do-buritiBerlepschia rikeri,limpa-folha-do-buriti,1,3
casaca-de-couro-da-lamaFurnarius figulus,casaca-de-couro-da-lama,0,1
joão-de-barroFurnarius rufus,joão-de-barro,5,71
joão-porcaLochmias nematura,joão-porca,0,10
limpa-folha-do-brejoSyndactyla dimidiata,limpa-folha-do-brejo,3,3
cisqueiro-do-rioClibanornis rectirostris,cisqueiro-do-rio,4,27
graveteiroPhacellodomus ruber,graveteiro,4,47
cochichoAnumbius annumbi,cochicho,0,6
arredio-do-rioCranioleuca vulpina,arredio-do-rio,2,12
curutiéCerthiaxis cinnamomeus,curutié,3,26
estrelinha-pretaSynallaxis scutata,estrelinha-preta,1,7
joão-griloSynallaxis hypospodia,joão-grilo,6,19
joão-tenenémSynallaxis spixi,joão-teneném,2,3
uí-piSynallaxis albescens,uí-pi,3,8
petrimSynallaxis frontalis,petrim,5,30
fruxu-do-cerradãoNeopelma pallescens,fruxu-do-cerradão,0,7
soldadinhoAntilophia galeata,soldadinho,4,72
uirapuru-laranjaPipra fasciicauda,uirapuru-laranja,0,8
anambé-branco-de-bochecha-pardaTityra inquisitor,anambé-branco-de-bochecha-parda,0,3
anambé-branco-de-rabo-pretoTityra cayana,anambé-branco-de-rabo-preto,0,8
caneleiro-verdePachyramphus viridis,caneleiro-verde,0,1
caneleiro-pretoPachyramphus polychopterus,caneleiro-preto,2,8
caneleiro-de-chapéu-pretoPachyramphus validus,caneleiro-de-chapéu-preto,0,5
patinhoPlatyrinchus mystaceus,patinho,1,3
abre-asa-de-cabeça-cinzaMionectes rufiventris,abre-asa-de-cabeça-cinza,0,2
cabeçudoLeptopogon amaurocephalus,cabeçudo,0,14
estaladorCorythopis delalandi,estalador,0,4
bico-chato-de-orelha-pretaTolmomyias sulphurescens,bico-chato-de-orelha-preta,3,32
ferreirinho-relógioTodirostrum cinereum,ferreirinho-relógio,2,67
ferreirinho-de-cara-pardaPoecilotriccus latirostris,ferreirinho-de-cara-parda,1,3
sebinho-de-olho-de-ouroHemitriccus margaritaceiventer,sebinho-de-olho-de-ouro,1,15
gibão-de-couroHirundinea ferruginea,gibão-de-couro,1,9
risadinhaCamptostoma obsoletum,risadinha,6,18
guaracava-de-barriga-amarelaElaenia flavogaster,guaracava-de-barriga-amarela,4,16
guaracava-grandeElaenia spectabilis,guaracava-grande,10,19
tuque-piumElaenia parvirostris,tuque-pium,0,4
tuqueElaenia mesoleuca,tuque,0,1
guaracava-de-topete-uniformeElaenia cristata,guaracava-de-topete-uniforme,1,11
chibumElaenia chiriquensis,chibum,3,14
tucãoElaenia obscura,tucão,2,4
suiriri-cinzentoSuiriri suiriri,suiriri-cinzento,4,18
maria-pechimMyiopagis gaimardii,maria-pechim,2,1
guaracava-cinzentaMyiopagis caniceps,guaracava-cinzenta,0,14
guaracava-de-crista-alaranjadaMyiopagis viridicata,guaracava-de-crista-alaranjada,0,8
marianinha-amarelaCapsiempis flaveola,marianinha-amarela,0,1
bagageiroPhaeomyias murina,bagageiro,5,16
piolhinhoPhyllomyias fasciatus,piolhinho,0,6
papa-moscas-do-campoCulicivora caudacuta,papa-moscas-do-campo,0,1
papa-moscas-canelaPolystictus pectoralis,papa-moscas-canela,0,2
joão-pobreSerpophaga nigricans,joão-pobre,0,3
alegrinhoSerpophaga subcristata,alegrinho,0,2
bem-te-vi-pirataLegatus leucophaius,bem-te-vi-pirata,1,4
irréMyiarchus swainsoni,irré,3,11
maria-cavaleiraMyiarchus ferox,maria-cavaleira,3,23
maria-cavaleira-de-rabo-enferrujadoMyiarchus tyrannulus,maria-cavaleira-de-rabo-enferrujado,9,23
gritadorSirystes sibilator,gritador,0,1
maria-ferrugemCasiornis rufus,maria-ferrugem,0,12
bem-te-viPitangus sulphuratus,bem-te-vi,5,114
bentevizinho-do-brejoPhilohydor lictor,bentevizinho-do-brejo,0,1
suiriri-cavaleiroMachetornis rixosa,suiriri-cavaleiro,1,50
bem-te-vi-rajadoMyiodynastes maculatus,bem-te-vi-rajado,6,37
neineiMegarynchus pitangua,neinei,6,27
bentevizinho-de-asa-ferrugíneaMyiozetetes cayanensis,bentevizinho-de-asa-ferrugínea,2,33
bentevizinho-de-penacho-vermelhoMyiozetetes similis,bentevizinho-de-penacho-vermelho,7,28
suiriri-de-garganta-brancaTyrannus albogularis,suiriri-de-garganta-branca,2,35
suiririTyrannus melancholicus,suiriri,4,66
tesourinhaTyrannus savana,tesourinha,3,48
peitica-de-chapéu-pretoGriseotyrannus aurantioatrocristatus,peitica-de-chapéu-preto,4,59
peiticaEmpidonomus varius,peitica,0,53
suiriri-da-chapadaGuyramemua affine,suiriri-da-chapada,0,2
guaracava-modestaSublegatus modestus,guaracava-modesta,2,1
viuvinhaColonia colonus,viuvinha,0,30
freirinhaArundinicola leucocephala,freirinha,0,15
lavadeira-de-cara-brancaFluvicola albiventer,lavadeira-de-cara-branca,0,2
lavadeira-mascaradaFluvicola nengeta,lavadeira-mascarada,3,85
príncipePyrocephalus rubinus,príncipe,1,69
tesoura-do-brejoGubernetes yetapa,tesoura-do-brejo,1,34
galitoAlectrurus tricolor,galito,0,1
filipeMyiophobus fasciatus,filipe,3,16
guaracavuçuCnemotriccus fuscatus,guaracavuçu,1,12
enferrujadoLathrotriccus euleri,enferrujado,0,1
papa-moscas-cinzentoContopus cinereus,papa-moscas-cinzento,0,3
suiriri-pequenoSatrapa icterophrys,suiriri-pequeno,0,10
maria-preta-de-penachoKnipolegus lophotes,maria-preta-de-penacho,0,31
maria-preta-de-bico-azuladoKnipolegus cyanirostris,maria-preta-de-bico-azulado,0,1
noivinha-brancaXolmis velatus,noivinha-branca,1,30
primaveraNengetus cinereus,primavera,2,44
pitiguariCyclarhis gujanensis,pitiguari,7,37
vite-vite-de-cabeça-cinzaHylophilus pectoralis,vite-vite-de-cabeça-cinza,0,2
juruviaraVireo chivi,juruviara,2,5
gralha-do-campoCyanocorax cristatellus,gralha-do-campo,4,23
gralha-cancãCyanocorax cyanopogon,gralha-cancã,6,32
andorinha-pequena-de-casaPygochelidon cyanoleuca,andorinha-pequena-de-casa,2,30
andorinha-de-coleiraPygochelidon melanoleuca,andorinha-de-coleira,0,11
andorinha-serradoraStelgidopteryx ruficollis,andorinha-serradora,1,38
andorinha-do-campoProgne tapera,andorinha-do-campo,2,24
andorinha-grandeProgne chalybea,andorinha-grande,2,5
andorinha-do-rioTachycineta albiventer,andorinha-do-rio,1,26
andorinha-de-sobre-brancoTachycineta leucorrhoa,andorinha-de-sobre-branco,0,13
andorinha-de-bandoHirundo rustica,andorinha-de-bando,0,4
andorinha-de-dorso-acaneladoPetrochelidon pyrrhonota,andorinha-de-dorso-acanelado,0,5
corruíraTroglodytes musculus,corruíra,3,16
garrinchão-pai-avôPheugopedius genibarbis,garrinchão-pai-avô,2,7
garrinchão-de-barriga-vermelhaCantorchilus leucotis,garrinchão-de-barriga-vermelha,12,45
balança-rabo-de-máscaraPolioptila dumicola,balança-rabo-de-máscara,3,78
japacanimDonacobius atricapilla,japacanim,5,16
sabiazinho-norte-americanoCatharus fuscescens,sabiazinho-norte-americano,1,0
sabiá-barrancoTurdus leucomelas,sabiá-barranco,10,49
sabiá-laranjeiraTurdus rufiventris,sabiá-laranjeira,4,39
sabiá-pocaTurdus amaurochalinus,sabiá-poca,9,71
sabiá-ferreiroTurdus subalaris,sabiá-ferreiro,0,2
sabiá-do-campoMimus saturninus,sabiá-do-campo,8,71
bico-de-lacreEstrilda astrild,bico-de-lacre,1,30
pardalPasser domesticus,pardal,5,44
caminheiro-zumbidorAnthus chii,caminheiro-zumbidor,0,8
gaturamo-reiCyanophonia cyanocephala,gaturamo-rei,0,1
fim-fimEuphonia chlorotica,fim-fim,3,65
gaturamo-verdadeiroEuphonia violacea,gaturamo-verdadeiro,0,1
tico-tico-do-campoAmmodramus humeralis,tico-tico-do-campo,3,19
tico-tico-de-bico-amareloArremon flavirostris,tico-tico-de-bico-amarelo,2,19
tico-ticoZonotrichia capensis,tico-tico,4,12
polícia-inglesa-do-sulLeistes superciliaris,polícia-inglesa-do-sul,2,36
japuPsarocolius decumanus,japu,4,16
iraúna-de-bico-brancoCacicus solitarius,iraúna-de-bico-branco,0,2
xexéuCacicus cela,xexéu,1,3
guaxeCacicus haemorrhous,guaxe,1,11
corrupiãoIcterus jamacaii,corrupião,1,29
encontroIcterus pyrrhopterus,encontro,6,72
chupim-azevicheMolothrus rufoaxillaris,chupim-azeviche,0,18
iraúna-grandeMolothrus oryzivorus,iraúna-grande,1,3
chupimMolothrus bonariensis,chupim,3,69
pássaro-pretoGnorimopsar chopi,pássaro-preto,12,70
garibaldiChrysomus ruficapillus,garibaldi,3,19
chupim-do-brejoPseudoleistes guirahuro,chupim-do-brejo,3,19
pia-cobraGeothlypis aequinoctialis,pia-cobra,5,15
mariquitaSetophaga pitiayumi,mariquita,1,6
pula-pula-de-sobrancelhaMyiothlypis leucophrys,pula-pula-de-sobrancelha,7,28
canário-do-matoMyiothlypis flaveola,canário-do-mato,4,17
pula-pulaBasileuterus culicivorus,pula-pula,5,20
sanhaço-de-fogoPiranga flava,sanhaço-de-fogo,0,8
azulãoCyanoloxia brissonii,azulão,5,39
mineirinhoCharitospiza eucosma,mineirinho,2,12
saíra-de-chapéu-pretoNemosia pileata,saíra-de-chapéu-preto,2,44
canário-do-campoEmberizoides herbicola,canário-do-campo,3,8
saíra-de-papo-pretoHemithraupis guira,saíra-de-papo-preto,1,19
saí-andorinhaTersina viridis,saí-andorinha,0,49
saíra-beija-florCyanerpes cyaneus,saíra-beija-flor,0,2
saí-azulDacnis cayana,saí-azul,1,71
batuqueiroSaltatricula atricollis,batuqueiro,4,14
tempera-violaSaltator maximus,tempera-viola,2,45
trinca-ferroSaltator similis,trinca-ferro,4,24
cambacicaCoereba flaveola,cambacica,5,57
tiziuVolatinia jacarina,tiziu,4,68
pipira-da-taocaEucometis penicillata,pipira-da-taoca,1,32
tico-tico-reiCoryphospingus cucullatus,tico-tico-rei,5,52
pipira-pretaTachyphonus rufus,pipira-preta,0,23
pipira-vermelhaRamphocelus carbo,pipira-vermelha,0,38
bigodinhoSporophila lineola,bigodinho,11,64
patativaSporophila plumbea,patativa,3,20
coleiro-do-brejoSporophila collaris,coleiro-do-brejo,0,23
baianoSporophila nigricollis,baiano,4,86
papa-capim-de-costas-cinzaSporophila ardesiaca,papa-capim-de-costas-cinza,0,16
coleirinhoSporophila caerulescens,coleirinho,0,18
chorãoSporophila leucoptera,chorão,0,30
caboclinho-coroadoSporophila pileata,caboclinho-coroado,0,10
caboclinho-de-barriga-vermelhaSporophila hypoxantha,caboclinho-de-barriga-vermelha,0,1
caboclinho-de-chapéu-cinzentoSporophila cinnamomea,caboclinho-de-chapéu-cinzento,0,1
curióSporophila angolensis,curió,0,23
saí-canárioThlypopsis sordida,saí-canário,0,12
bandoletaCypsnagra hirundinacea,bandoleta,1,5
figuinha-de-rabo-castanhoConirostrum speciosum,figuinha-de-rabo-castanho,0,10
canário-da-terraSicalis flaveola,canário-da-terra,4,125
tipioSicalis luteola,tipio,2,16
saíra-viúvaPipraeidea melanonota,saíra-viúva,0,1
cigarra-do-campoNeothraupis fasciata,cigarra-do-campo,0,6
tietingaCissopis leverianus,tietinga,0,4
sanhaço-de-coleiraSchistochlamys melanopis,sanhaço-de-coleira,1,25
bico-de-veludoSchistochlamys ruficapillus,bico-de-veludo,2,9
cardeal-do-nordesteParoaria dominicana,cardeal-do-nordeste,0,13
sanhaço-cinzentoThraupis sayaca,sanhaço-cinzento,2,34
sanhaço-do-coqueiroThraupis palmarum,sanhaço-do-coqueiro,1,43
saíra-amarelaStilpnia cayana,saíra-amarela,0,58
